{"cameraMode":{"drawMode":0,"name":"Shaded","section":"Shading Mode"},"sceneLighting":true,"audioPlay":false,"sceneViewState":{"showFog":true,"showMaterialUpdate":false,"showSkybox":true,"showFlares":true,"showImageEffects":true,"showParticleSystems":true},"in2DMode":false,"pivot":{"x":52.56898498535156,"y":540.1160888671875,"z":0.0},"rotation":{"x":0.1255604475736618,"y":-0.04409243166446686,"z":0.0056615835055708889,"w":0.9912416934967041},"size":116.12164306640625,"orthographic":false}